,Sensitivity,Specificity,Accuracy,Precision,F1-Score
0,0.5652173913043478,0.9252336448598131,0.8615384615384616,0.6190476190476191,0.5909090909090909
