,Sensitivity,Specificity,Accuracy,Precision,F1-Score
0,0.58,0.9142857142857143,0.85,0.6170212765957447,0.5979381443298969
