,Sensitivity,Specificity,Accuracy,Precision,F1-Score
0,0.525,0.6227272727272727,0.6076923076923076,0.20192307692307693,0.2916666666666667
