,Sensitivity,Specificity,Accuracy,Precision,F1-Score
0,0.6511627906976745,0.6820276497695853,0.676923076923077,0.28865979381443296,0.39999999999999997
