,Sensitivity,Specificity,Accuracy,Precision,F1-Score
0,0.5319148936170213,0.6103286384976526,0.5961538461538461,0.23148148148148148,0.3225806451612903
