,Sensitivity,Specificity,Accuracy,Precision,F1-Score
0,0.53125,0.5833333333333334,0.5769230769230769,0.15178571428571427,0.2361111111111111
